{"cameraMode":{"drawMode":0,"name":"Shaded","section":"Shading Mode"},"sceneLighting":false,"audioPlay":false,"sceneViewState":{"showFog":true,"showMaterialUpdate":false,"showSkybox":false,"showFlares":true,"showImageEffects":true,"showParticleSystems":true},"in2DMode":false,"pivot":{"x":182.3699951171875,"y":0.38000011444091799,"z":50.27000045776367},"rotation":{"x":-0.22978775203227998,"y":0.5541038513183594,"z":-0.16252563893795014,"w":-0.7834266424179077},"size":2.36602520942688,"orthographic":false}