{"cameraMode":{"drawMode":0,"name":"Shaded","section":"Shading Mode"},"sceneLighting":false,"audioPlay":false,"sceneViewState":{"showFog":true,"showMaterialUpdate":false,"showSkybox":false,"showFlares":true,"showImageEffects":true,"showParticleSystems":true},"in2DMode":false,"pivot":{"x":2.2513015270233156,"y":6.428999900817871,"z":1.486806869506836},"rotation":{"x":-0.3417224884033203,"y":-0.6332079172134399,"z":0.3670285940170288,"w":-0.5895501375198364},"size":0.04376031458377838,"orthographic":false}