{"cameraMode":{"drawMode":0,"name":"Shaded","section":"Shading Mode"},"sceneLighting":true,"audioPlay":false,"sceneViewState":{"showFog":true,"showMaterialUpdate":false,"showSkybox":true,"showFlares":true,"showImageEffects":true,"showParticleSystems":true},"in2DMode":false,"pivot":{"x":245.01673889160157,"y":-45.3515625,"z":161.2841796875},"rotation":{"x":0.686650812625885,"y":0.005452224984765053,"z":-0.005149989854544401,"w":0.7269493937492371},"size":45.41879653930664,"orthographic":true}