{"cameraMode":{"drawMode":0,"name":"Shaded","section":"Shading Mode"},"sceneLighting":true,"audioPlay":false,"sceneViewState":{"showFog":true,"showMaterialUpdate":false,"showSkybox":true,"showFlares":true,"showImageEffects":true,"showParticleSystems":true},"in2DMode":false,"pivot":{"x":-62.152427673339847,"y":-74.10174560546875,"z":283.0040283203125},"rotation":{"x":0.20709124207496644,"y":0.3065284788608551,"z":-0.0685129463672638,"w":0.926531195640564},"size":92.76139831542969,"orthographic":false}