{"cameraMode":{"drawMode":0,"name":"Shaded","section":"Shading Mode"},"sceneLighting":true,"audioPlay":false,"sceneViewState":{"showFog":true,"showMaterialUpdate":false,"showSkybox":true,"showFlares":true,"showImageEffects":true,"showParticleSystems":true},"in2DMode":false,"pivot":{"x":263.15069580078127,"y":3.9756202697753908,"z":81.25407409667969},"rotation":{"x":-0.3401525020599365,"y":0.3248468041419983,"z":-0.12651970982551576,"w":-0.8733677268028259},"size":41.91487503051758,"orthographic":false}