{"cameraMode":{"drawMode":0,"name":"Shaded","section":"Shading Mode"},"sceneLighting":true,"audioPlay":false,"sceneViewState":{"showFog":true,"showMaterialUpdate":false,"showSkybox":true,"showFlares":true,"showImageEffects":true,"showParticleSystems":true},"in2DMode":false,"pivot":{"x":184.5,"y":2.0990002155303957,"z":6.699999809265137},"rotation":{"x":0.10476897656917572,"y":-0.026848038658499719,"z":0.0028294504154473545,"w":0.9941301941871643},"size":2.7161054611206056,"orthographic":false}