{"cameraMode":{"drawMode":0,"name":"Shaded","section":"Shading Mode"},"sceneLighting":false,"audioPlay":false,"sceneViewState":{"showFog":true,"showMaterialUpdate":false,"showSkybox":false,"showFlares":true,"showImageEffects":true,"showParticleSystems":true},"in2DMode":false,"pivot":{"x":6.160112380981445,"y":-1.173208475112915,"z":-11.130341529846192},"rotation":{"x":0.0404345765709877,"y":-0.5377489924430847,"z":0.025831691920757295,"w":0.8417394161224365},"size":3.6598284244537355,"orthographic":false}