{"cameraMode":{"drawMode":0,"name":"Shaded","section":"Shading Mode"},"sceneLighting":false,"audioPlay":false,"sceneViewState":{"showFog":true,"showMaterialUpdate":false,"showSkybox":false,"showFlares":true,"showImageEffects":true,"showParticleSystems":true},"in2DMode":false,"pivot":{"x":2.559000015258789,"y":6.23699951171875,"z":0.9419999122619629},"rotation":{"x":-0.3417224884033203,"y":-0.6332079172134399,"z":0.3670285940170288,"w":-0.5895501375198364},"size":12.12435531616211,"orthographic":false}