{"cameraMode":{"drawMode":0,"name":"Shaded","section":"Shading Mode"},"sceneLighting":true,"audioPlay":false,"sceneViewState":{"showFog":true,"showMaterialUpdate":false,"showSkybox":true,"showFlares":true,"showImageEffects":true,"showParticleSystems":true},"in2DMode":false,"pivot":{"x":154.34841918945313,"y":34.471160888671878,"z":112.69088745117188},"rotation":{"x":0.3195429742336273,"y":-0.07805570214986801,"z":0.026422245427966119,"w":0.9439820051193237},"size":27.662384033203126,"orthographic":false}