{"cameraMode":{"drawMode":0,"name":"Shaded","section":"Shading Mode"},"sceneLighting":true,"audioPlay":false,"sceneViewState":{"showFog":true,"showMaterialUpdate":false,"showSkybox":true,"showFlares":true,"showImageEffects":true,"showParticleSystems":true},"in2DMode":false,"pivot":{"x":902.5791015625,"y":1139.49072265625,"z":-229.88870239257813},"rotation":{"x":0.37089353799819949,"y":-0.12068244069814682,"z":0.04867830500006676,"w":0.9195132851600647},"size":628.0440063476563,"orthographic":false}