{"cameraMode":{"drawMode":0,"name":"Shaded","section":"Shading Mode"},"sceneLighting":true,"audioPlay":false,"sceneViewState":{"showFog":true,"showMaterialUpdate":false,"showSkybox":true,"showFlares":true,"showImageEffects":true,"showParticleSystems":true},"in2DMode":false,"pivot":{"x":340.0635681152344,"y":6.493999481201172,"z":66.1746826171875},"rotation":{"x":0.2840122878551483,"y":0.5801083445549011,"z":-0.22593586146831513,"w":0.7292234897613525},"size":4.992307186126709,"orthographic":false}