{"cameraMode":{"drawMode":0,"name":"Shaded","section":"Shading Mode"},"sceneLighting":false,"audioPlay":false,"sceneViewState":{"showFog":true,"showMaterialUpdate":false,"showSkybox":false,"showFlares":true,"showImageEffects":true,"showParticleSystems":true},"in2DMode":false,"pivot":{"x":-105.72355651855469,"y":56.11687088012695,"z":-35.11467742919922},"rotation":{"x":-0.052917204797267917,"y":0.9467350244522095,"z":-0.2110222578048706,"w":-0.23740842938423158},"size":-0.4267975091934204,"orthographic":false}