{"cameraMode":{"drawMode":0,"name":"Shaded","section":"Shading Mode"},"sceneLighting":false,"audioPlay":false,"sceneViewState":{"showFog":true,"showMaterialUpdate":false,"showSkybox":false,"showFlares":true,"showImageEffects":true,"showParticleSystems":true},"in2DMode":false,"pivot":{"x":2.517275333404541,"y":6.140630722045898,"z":1.2936463356018067},"rotation":{"x":-0.3417224884033203,"y":-0.6332079172134399,"z":0.3670285940170288,"w":-0.5895501375198364},"size":1.0093116760253907,"orthographic":false}