{"cameraMode":{"drawMode":0,"name":"Shaded","section":"Shading Mode"},"sceneLighting":true,"audioPlay":false,"sceneViewState":{"showFog":true,"showMaterialUpdate":false,"showSkybox":true,"showFlares":true,"showImageEffects":true,"showParticleSystems":true},"in2DMode":false,"pivot":{"x":181.29591369628907,"y":3.108614444732666,"z":7.991168022155762},"rotation":{"x":0.2538330852985382,"y":0.5940073132514954,"z":-0.20505502820014954,"w":0.7353078126907349},"size":7.595993995666504,"orthographic":false}