{"cameraMode":{"drawMode":0,"name":"Shaded","section":"Shading Mode"},"sceneLighting":false,"audioPlay":false,"sceneViewState":{"showFog":true,"showMaterialUpdate":false,"showSkybox":false,"showFlares":true,"showImageEffects":true,"showParticleSystems":true},"in2DMode":false,"pivot":{"x":1.1920928955078126e-7,"y":0.15015777945518495,"z":-0.0000036954879760742189},"rotation":{"x":0.6653128862380981,"y":0.024621514603495599,"z":-0.021963315084576608,"w":0.7458357214927673},"size":1.4151047468185425,"orthographic":true}