{"cameraMode":{"drawMode":0,"name":"Shaded","section":"Shading Mode"},"sceneLighting":false,"audioPlay":false,"sceneViewState":{"showFog":true,"showMaterialUpdate":false,"showSkybox":false,"showFlares":true,"showImageEffects":true,"showParticleSystems":true},"in2DMode":false,"pivot":{"x":25.123077392578126,"y":14.575810432434082,"z":0.5667457580566406},"rotation":{"x":0.5233127474784851,"y":0.03959420323371887,"z":-0.02435160242021084,"w":0.8508731722831726},"size":27.661334991455079,"orthographic":false}