{"cameraMode":{"drawMode":0,"name":"Shaded","section":"Shading Mode"},"sceneLighting":false,"audioPlay":false,"sceneViewState":{"showFog":true,"showMaterialUpdate":false,"showSkybox":false,"showFlares":true,"showImageEffects":true,"showParticleSystems":true},"in2DMode":false,"pivot":{"x":21.2500057220459,"y":0.9187667369842529,"z":-21.249984741210939},"rotation":{"x":0.4338264465332031,"y":-0.1894289255142212,"z":0.09382826834917069,"w":0.8758470416069031},"size":30.245874404907228,"orthographic":false}