{"cameraMode":{"drawMode":0,"name":"Shaded","section":"Shading Mode"},"sceneLighting":true,"audioPlay":false,"sceneViewState":{"showFog":true,"showMaterialUpdate":false,"showSkybox":true,"showFlares":true,"showImageEffects":true,"showParticleSystems":true},"in2DMode":false,"pivot":{"x":155.32382202148438,"y":-10.62169075012207,"z":345.06268310546877},"rotation":{"x":0.2478347271680832,"y":-0.20674382150173188,"z":0.054224319756031039,"w":0.9449329972267151},"size":29.790761947631837,"orthographic":false}