{"cameraMode":{"drawMode":0,"name":"Shaded","section":"Shading Mode"},"sceneLighting":false,"audioPlay":false,"sceneViewState":{"showFog":true,"showMaterialUpdate":false,"showSkybox":false,"showFlares":true,"showImageEffects":true,"showParticleSystems":true},"in2DMode":false,"pivot":{"x":182.271484375,"y":0.2266700267791748,"z":48.49285888671875},"rotation":{"x":-0.19950808584690095,"y":0.7126057744026184,"z":-0.22419607639312745,"w":-0.6341384053230286},"size":2.36602520942688,"orthographic":false}