{"cameraMode":{"drawMode":0,"name":"Shaded","section":"Shading Mode"},"sceneLighting":true,"audioPlay":false,"sceneViewState":{"showFog":true,"showMaterialUpdate":false,"showSkybox":true,"showFlares":true,"showImageEffects":true,"showParticleSystems":true},"in2DMode":false,"pivot":{"x":197.74867248535157,"y":-36.94967269897461,"z":71.22489929199219},"rotation":{"x":0.2724379897117615,"y":0.1592825949192047,"z":-0.045785244554281238,"w":0.9477950930595398},"size":41.32987976074219,"orthographic":false}