{"cameraMode":{"drawMode":0,"name":"Shaded","section":"Shading Mode"},"sceneLighting":true,"audioPlay":false,"sceneViewState":{"showFog":true,"showMaterialUpdate":false,"showSkybox":true,"showFlares":true,"showImageEffects":true,"showParticleSystems":true},"in2DMode":false,"pivot":{"x":265.29827880859377,"y":6.294239044189453,"z":25.03512954711914},"rotation":{"x":0.3756299912929535,"y":-0.5879011154174805,"z":0.3548071086406708,"w":0.622404158115387},"size":25.776927947998048,"orthographic":false}