{"cameraMode":{"drawMode":0,"name":"Shaded","section":"Shading Mode"},"sceneLighting":true,"audioPlay":false,"sceneViewState":{"showFog":true,"showMaterialUpdate":false,"showSkybox":true,"showFlares":true,"showImageEffects":true,"showParticleSystems":true},"in2DMode":false,"pivot":{"x":187.3975830078125,"y":68.97166442871094,"z":89.61971282958985},"rotation":{"x":0.5233127474784851,"y":0.03959420323371887,"z":-0.02435160242021084,"w":0.8508731722831726},"size":8.149398803710938,"orthographic":false}