{"cameraMode":{"drawMode":0,"name":"Shaded","section":"Shading Mode"},"sceneLighting":false,"audioPlay":false,"sceneViewState":{"showFog":true,"showMaterialUpdate":false,"showSkybox":false,"showFlares":true,"showImageEffects":true,"showParticleSystems":true},"in2DMode":false,"pivot":{"x":0.0,"y":0.10000000149011612,"z":4.76837158203125e-7},"rotation":{"x":0.7071036696434021,"y":0.002121317433193326,"z":-0.002121317433193326,"w":0.7071036696434021},"size":1.41421377658844,"orthographic":false}