{"cameraMode":{"drawMode":0,"name":"Shaded","section":"Shading Mode"},"sceneLighting":true,"audioPlay":false,"sceneViewState":{"showFog":true,"showMaterialUpdate":false,"showSkybox":true,"showFlares":true,"showImageEffects":true,"showParticleSystems":true},"in2DMode":false,"pivot":{"x":129.6649627685547,"y":-47.35646057128906,"z":53.78590393066406},"rotation":{"x":0.37089353799819949,"y":-0.12068244069814682,"z":0.04867830500006676,"w":0.9195132851600647},"size":40.57049560546875,"orthographic":false}