{"cameraMode":{"drawMode":0,"name":"Shaded","section":"Shading Mode"},"sceneLighting":true,"audioPlay":false,"sceneViewState":{"showFog":true,"showMaterialUpdate":false,"showSkybox":true,"showFlares":true,"showImageEffects":true,"showParticleSystems":true},"in2DMode":false,"pivot":{"x":184.5,"y":1.1276541948318482,"z":6.688727378845215},"rotation":{"x":0.2538330852985382,"y":0.5940073132514954,"z":-0.20505502820014954,"w":0.7353078126907349},"size":2.5153279304504396,"orthographic":false}