{"cameraMode":{"drawMode":0,"name":"Shaded","section":"Shading Mode"},"sceneLighting":false,"audioPlay":false,"sceneViewState":{"showFog":true,"showMaterialUpdate":false,"showSkybox":false,"showFlares":true,"showImageEffects":true,"showParticleSystems":true},"in2DMode":false,"pivot":{"x":205.89999389648438,"y":1.5399999618530274,"z":30.00690460205078},"rotation":{"x":0.12173034250736237,"y":-0.4008702337741852,"z":0.05383647605776787,"w":0.9064143896102905},"size":5.134896755218506,"orthographic":false}