{"cameraMode":{"drawMode":0,"name":"Shaded","section":"Shading Mode"},"sceneLighting":true,"audioPlay":false,"sceneViewState":{"showFog":true,"showMaterialUpdate":false,"showSkybox":true,"showFlares":true,"showImageEffects":true,"showParticleSystems":true},"in2DMode":false,"pivot":{"x":207.21585083007813,"y":-0.0675506591796875,"z":58.00131607055664},"rotation":{"x":-0.7058560252189636,"y":-0.016576318070292474,"z":0.01652495563030243,"w":-0.7079762816429138},"size":78.88642883300781,"orthographic":false}