{"cameraMode":{"drawMode":0,"name":"Shaded","section":"Shading Mode"},"sceneLighting":false,"audioPlay":false,"sceneViewState":{"showFog":true,"showMaterialUpdate":false,"showSkybox":false,"showFlares":true,"showImageEffects":true,"showParticleSystems":true},"in2DMode":false,"pivot":{"x":93.68281555175781,"y":3.299168825149536,"z":7.656925201416016},"rotation":{"x":0.05891713127493858,"y":0.9341416954994202,"z":-0.18304669857025147,"w":0.3006719946861267},"size":94.61168670654297,"orthographic":false}